3639077_a107cb4db6,12,0
3639078_c8390aa946,10,0
3639116_cf31f9052d,9,0
3639165_07e295c86c,28,0
3639244_69081e4ed7,7,0
3639256_7087e55a3c,134,0
3639261_90c6b3d4fd,376,0
3639289_f36fcad8bc,60,0
3639327_90730e6131,303,0
3639381_579086c8b4,66,0
3639391_9e655249c1,4,0
3639455_015720ae4a,283,0
3639587_6e6ff646e8,27,0
3639621_2835a6e5a8,33,0
3639663_d9df9f772b,6,0
3639667_e8514d2edf,46,0
3639669_fa299fe96c,24,0
3639666_b97ef27099,40,0
3639676_dcdfcad135,90,0
3639684_ae2c80bb83,180,0
3639681_e011da6104,140,0
3639686_700884046d,150,0
3639739_a1f6bc496d,100,0
3639744_0cee6370f8,120,0
3639771_e5561de6c3,373,0
3639786_32bd63fd7d,112,0
3639793_ae40fc4656,18,0
3639822_e70575cece,69,0
3639884_66abbe2bc1,64,0
3639980_2b42098c39,316,0
3639990_3fa419ac60,81,0
3640052_740bcd7bf2,121,0
3640054_60a7334216,121,0
3640053_8965ba1ba0,121,0
3640092_dabdb38293,60,0
3640119_6f41320f4b,214,0
3640163_5de5442e4a,20,0
3640165_6d34975d95,37,0
3640164_a1702fd82d,21,0
3640294_0a2d936ed1,27,0
3640316_d25b6f565c,151,0
3640324_eceff7bfa1,30,0
3640323_15a1de98e5,17,0
3640322_4cc7c85bbc,41,0
3640367_b1f57c38de,91,0
3640354_02b78d8c7d,48,0
3640360_69e92fd022,30,0
3640362_5ce2896dd8,401,0
3640372_d3c00c1edf,46,0
3640375_0409f37867,40,0
3640417_713fbe9cff,210,0
3640432_e8214ade28,216,0
3640493_daaf40c4a6,174,0
3640486_35c4641ee9,119,0
3640441_84ff832ee0,15,0
3640487_46c0224efd,162,0
3640490_f9cb255929,201,0
3640495_c89acf87cd,133,0
3640502_1817f60289,33,0
3640503_0376c7961e,18,0
3640504_7b6c78da7d,19,0
3640505_77eaefd4af,31,0
3640523_da5755f6da,90,0
3640538_538eca37aa,296,0
3640620_3cffb7acdf,819,0
3640587_9f1c94fbcd,1931,0
3640588_235a6d4a88,1997,0
3640876_e7f018cc2c,11,0
3640656_9957a25acd,847,0
3640733_3dd5ba869d,97,0
3640710_5dafeb68ad,56,0
3640712_48819a1d56,23,0
3640726_767a58a2bd,33,0
3640751_df23e32bc0,610,0
3640846_ecae4b8064,131,0
3640851_1d0dc0f826,41,0
3638626_327b648481,11,0
3638698_579cb472f8,22,0
3638717_ca78d2b940,31,0
3638787_bdf928f243,7,0
3638810_eb6d635359,434,0
3638818_c841b925a0,127,0
3638863_e550ec0d5d,25,0
3638864_c403e0152f,13,0
3638880_ed430088fd,14,0
3638925_80d4c6ced6,32,0
3638924_0c9ca6cbc2,16,0
3638923_71d8769aa8,42,0
3638958_0a66fbfd0f,823,0
3639005_acf0e313ef,42,0
3639008_0027e4da61,168,0
3639032_d0a7da1a6c,96,0
3639039_36a73951ae,28,0
3639092_5c1282b4b6,254,0
3638011_e49fa83f55,412,0
3638012_81114092e6,415,0
3638013_109644e206,425,0
3638025_f9696bd8f4,616,0
3638026_d378da1f13,594,0
3638028_ed37880b36,600,0
3638068_242c06a35f,1212,0
3638079_ae2bb56d06,9,0
3638081_1942546aad,210,0
3638082_73bc7d9d5b,8,0
3638085_f146c98dcd,9,0
3638089_d51c09f42f,7,0
3638203_273a13106d,49,0
3638204_73cc0940fe,34,0
3638190_282ca3bb80,3,0
3638198_78d60d36c9,48,0
3638200_9fc2fe023d,29,0
3638199_7ccc6d0d5b,41,0
3638211_4672feef49,31,0
3638216_4ccd29a3c1,39,0
3638217_304b97ec83,23,0
3638218_fa51510e3d,35,0
3638259_99204e9940,482,0
3638282_8f39b3cd76,24,0
3638305_483dc40400,135,0
3638311_c52117c41d,24,0
3638317_ed1512f92a,112,0
3638337_eb763cf19f,30,0
3638377_202bb281a1,1587,0
3638379_08bd32cc4e,1870,0
3638381_be2269a650,45,0
3638382_110e2af9db,44,0
3638383_9e4fddb56e,31,0
3638398_53592fe64e,111,0
3638400_60d3239342,109,0
3638414_964b90ef02,13,0
3638415_33a8209bd6,15,0
3638425_44b9e87a46,28,0
3638430_53e35f82c4,17,0
3638469_e61a0a06c2,380,0
3638470_e0d5427ba5,477,0
3638501_b77b0351f1,270,0
3638502_6d88c42a49,346,0
3638531_0aac426be6,57,0
3638539_06d6b922a8,22,0
3638541_0dfd5065c0,193,0
3638552_63fadfc4cd,3,0
3637920_e3b497f26d,138,0
3637959_b03f9d96ac,4,0
3637960_1110d01202,2,0
3637961_acc40e0350,2,0
3637962_a0425bae80,2,0
3637964_fa3fda62d3,2,0
3637808_a25d3b4c57,38,0
3637840_0af3e5f734,1364,0
3637934_fe6f78a077,394,0
3637933_4373401d20,362,0
3637932_ece493ee57,281,0
3637927_aa5b3d442e,489,0
3637929_bb3e636daa,556,0
3637931_c08d82aff5,396,0
3636383_185626313f,73,0
3636386_2dcc433d6a,54,0
3636389_de904f5d0d,46,0
3636390_5199b3a9df,46,0
3636432_b5606b515d,46,0
3636435_b4dfc4ab5f,48,0
3636436_2ba98b8b12,54,0
3636439_8678d4b04e,62,0
3636440_c5c456e733,61,0
3636500_4cb0af14e1,3,0
3636510_b3d3b06b46,54,0
3636511_b7f1b6bfb0,60,0
3636512_1bf36d93af,61,0
3636550_90e89d026b,211,0
3636577_af0184d617,59,0
3636638_ab12066000,59,0
3636639_60d0695bbd,57,0
3636644_c08cd8da87,47,0
3636653_684e89a650,60,0
3636654_f555b6828e,58,0
3636702_ab1242b8c1,40,0
3636703_cb5707f868,59,0
3636718_6ebc087bce,17,0
3636799_1de0851112,53,0
3636810_cbd2c9ec27,3,0
3636879_d424c42355,42,0
3636912_1bcb296743,156,0
3636917_fe10853281,47,0
3636936_d57e422cf1,182,0
3636949_f62f72854d,36,0
3637012_fdc1315f30,446,0
3637051_64eed8c962,192,0
3637053_0334fdd0f6,17,0
3637064_06983f3c46,43,0
3637107_11e4e4e74c,200,0
3637100_c6373580b1,20,0
3637111_c99bcd79e8,90,0
3637154_7699f2df05,24,0
3637152_309fe9f6c5,14,0
3637151_ef5b72327d,41,0
3637174_3603a77501,160,0
3637198_4261ff4518,106,0
3592391_b8e10243f0,101,0
3588141_074beea1ae,1569,0
3571435_469ee3fe5c,20,0
3584502_dddf4b9570,42,0
3584898_363b4bc892,89,0
3570108_09c50fc99e,89,0
3556761_dcb82787e4,80,0
3588354_87e73155bc,921,0
3588174_de372b1a6d,1668,0
3588351_1e48d9919d,992,0
3636359_ab60681015,142,0
3635939_945a74a4e3,60,0
3635938_5f93d0c3dc,1370,0
3635933_a74048e71f,126,0
3635922_a009c06c13,195,0
3635930_76f2949873,125,0
3635944_7489c34f0d,234,0
3635945_c2aecba8de,207,0
3635961_0ad7ecd6eb,61,0
3636000_8878ea7cc6,125,0
3636011_94162aacfb,70,0
3636041_55556c26f9,24,0
3636061_2396c5562a,56,0
3636078_b3931a6a5e,80,0
3636135_c7bc76fd1a,45,0
3636137_3f21a6cc48,43,0
3636101_0d62f407c3,25,0
3636117_37f0b8c9f8,63,0
3636136_bd1b3474a2,45,0
3636138_5c6c9d712d,43,0
3636148_8cab767858,76,0
3636150_f58f989e86,50,0
3636163_fd3c51444e,82,0
3636164_bc2777e2b4,80,0
3636171_4228b3db5d,343,0
3636190_aab7aa0907,64,0
3636192_8daf8b04ab,317,0
3636209_54c18a4a79,30,0
3636303_8938f63ad2,145,0
3636284_14432406c6,150,0
3636292_28970fda29,69,0
3636315_42cfeae8cd,46,0
3636316_876a7f85d3,44,0
3636317_310a67d911,45,0
3636318_895b8895e3,46,0
3636320_011b5d1994,61,0
3636321_a093d8add1,62,0
3636322_ab922824ba,54,0
3636326_fa98e9f149,47,0
3634500_e49bd3958d,26,0
3634633_814106e625,200,0
3634713_6e6091c80c,50,0
3634714_8ec960d108,50,0
3634718_3a60d6a941,50,0
3634758_9458b939b8,50,0
3634755_ba9234d680,50,0
3634812_c8299e65e4,50,0
3634813_d58fe536d3,187,0
3634845_94ddab5843,29,0
3634854_05d95ff3f6,193,0
3634885_10c08b05f8,52,0
3634890_fe8027d51f,113,0
3634936_d39bb33864,315,0
3634945_5cd1eac468,122,0
3635025_cd9fb42b8b,27,0
3635023_aa46e9e333,52,0
3635090_f7318b277c,47,0
3635158_2bf1ce27a4,57,0
3635161_ae85c79108,44,0
3635201_30c972f597,17,0
3635402_8b80e1791f,51,0
3635482_f88fd1ca63,14,0
3635485_a1bcaa35b1,14,0
3635492_1f4b7c7b54,18,0
3635575_ea53195de2,25,0
3632878_38ddb08f4a,236,0
3632880_b6c1ba6fa2,130,0
3632926_8d56ef8f5d,20,0
3632939_8b47f04f62,7,0
3632976_186800ca7a,1419,0
3632974_e60c0200fd,1528,0
3632975_82bc3ddf8a,1635,0
3632982_e4d2a40a44,175,0
3632995_e78494a2c4,100,0
3633045_b00ee640c8,42,0
3633059_6ca25ee945,34,0
3633146_df152e724f,152,0
3633150_f7907974e1,185,0
3633157_c9ae983aad,27,0
3633392_261ed99f8d,84,0
3633423_7a1f93b5fb,138,0
3633494_a910f6d2b8,44,0
3633497_493aacee4d,32,0
3633607_3c18b2d903,34,0
3633608_7bf1ce76d8,22,0
3633613_3680a42b83,22,0
3633617_d42f47ffc2,45,0
3633618_9da9e9a380,126,0
3633619_936f020901,106,0
3633816_3603dd6f11,41,0
3633848_cbf09c57b0,45,0
3633853_80461932a4,68,0
3633875_4f3eff9403,672,0
3633886_96e6423136,188,0
3633890_f1df72797a,22,0
3633961_b47c5d73d3,44,0
3634004_9d86b03ae8,102,0
3634011_1ae5a0bca1,44,0
3634148_6ca4c07cc9,133,0
3634173_b56571e702,49,0
3634208_d4f864c12c,59,0
3634213_6e0a78c00e,22,0
3634226_e88291b703,39,0
3634227_1be7d495a4,45,0
3634228_76a4bc8b00,38,0
3634293_8687b6478b,31,0
3634301_dccd67b261,180,0
3634303_8989414a57,58,0
3632715_5267f6746d,4,0
3632735_e43258905b,27,0
3632743_00aa4ea9f9,13,0
3632756_05e467512f,41,0
3632784_3dd7e7eb1b,54,0
3632789_65e2b1d5bc,46,0
3632800_ac9a545297,47,0
3632804_20cc50b561,24,0
3631779_aeb086db3c,34,0
3631780_c20776359c,42,0
3631923_b1ce0a41d9,205,0
3631974_96f9483a31,26,0
3631993_3ca9fc1424,17,0
3632031_9d3d3dedd2,100,0
3632035_4d5264c1d5,4,0
3632032_24dfb12744,80,0
3632041_24b3655eba,19,0
3632040_040d6d17cb,15,0
3632051_ed649ffe76,23,0
3632050_ae319fdceb,26,0
3632127_3925c9e87c,58,0
3632167_8df6c90ef6,230,0
3632180_602f4a5ce0,7,0
3632193_239ff7ca41,96,0
3632223_3110339798,50,0
3632224_1527074f0c,212,0
3632225_578aa442b1,109,0
3632345_1a988fd1da,92,0
3632407_cba73179f5,44,0
3632432_1f22412ba8,22,0
3632462_15ee82851b,96,0
3632463_f0c7fbcc03,151,0
3632499_4154f578a2,25,0
3632510_8a7ea33f97,48,0
3632511_518853b460,47,0
3632540_34d5a069ab,204,0
3631108_b1773c245f,10,0
3631166_cd6b4ac54f,27,0
3631175_39775fe5e5,36,0
3631243_4896276524,54,0
3631245_0935d7315f,32,0
3631256_d00c45fc64,24,0
3631284_b994972590,16,0
3631301_8e12a7b920,28,0
3631318_631881ba7a,236,0
3631329_98bf9f6281,35,0
3631373_4eb953034f,14,0
3631375_70c94c2d5b,36,0
3631387_aef618cf7e,74,0
3631384_4f17ca6f0e,12,0
3631395_c61f2ec2d2,25,0
3631415_19ba6ba1f4,26,0
3631466_3704c14eb6,82,0
3631464_88c40ff2dd,88,0
3631431_41d0855d75,92,0
3631474_eb4cc64174,78,0
3631491_569de8566d,115,0
3631512_c4fdb436a5,37,0
3631509_1b65f6b716,20,0
3631553_d1a8724743,74,0
3631551_8e064192e7,35,0
3631558_be8b9e5e09,108,0
3631561_67ceee7834,76,0
3246982_6ada2051e0,54,0
3331927_4716c20ce6,50,0
3631087_295dc2b999,22,0
3631102_8cf17015ce,7,0
3629262_882e127335,6,0
3629334_28c419913f,62,0
3629343_cb487951cb,10,0
3629373_bfd892824a,35,0
3629369_6a9580ca91,233,0
3629378_13c934da23,36,0
3629390_527daf2f10,13,0
3629404_ddced2adb2,263,0
3629428_b77e474bc4,115,0
3629485_856d89cee3,36,0
3629536_8ade3b8fe9,20,0
3629548_524cd08632,31,0
3629556_37ac7ab513,20,0
3629569_4de5cd9db6,47,0
3629575_685a0448e3,160,0
3629584_23eafbf4be,27,0
3629600_4b65ef7947,78,0
3629650_bc8c2706c5,77,0
3629816_37a95b6e42,26,0
3629830_7ec33f5c4e,44,0
3629845_08c6b8352c,40,0
3629853_744b38c89c,47,0
3629873_8f880ad253,30,0
3629875_7e4af2311e,30,0
3629876_9040cb073a,111,0
3629877_0a28c58800,138,0
3629878_9f02397406,123,0
3629881_bd9fb33ea5,50,0
3629882_196fcfa524,459,0
3630101_835fd7df0e,23,0
3630109_514361c75d,80,0
3630113_8217ccf9b6,75,0
3630160_5ada60f7e7,184,0
3630193_2b791b5e1e,36,0
3630209_d8dfc57711,36,0
3630207_5b5dff4d20,46,0
3630309_0d9fb45ae3,82,0
3630345_0e154c651c,87,0
3630350_4bf867c3dd,80,0
3630385_7524ba962f,65,0
3630387_518db2d79c,50,0
3630394_785ac8f2f5,225,0
3630401_7ce8f6aded,41,0
3630530_7f13f9cf32,143,0
3630532_470c535d7d,144,0
3630574_8295bd4601,21,0
3630573_d0bff0e257,51,0
3630585_f4b4e0c709,28,0
3630593_0dc9a2b71f,54,0
3630602_2daa4c7981,21,0
3630616_fc48863ff0,17,0
3630670_dfb6533d7e,333,0
3630672_bc65ab26aa,201,0
3630697_108f056975,707,0
3630688_42e5cf5cf5,241,0
3630689_990aeda2b4,500,0
3630705_1c32cb3427,108,0
3630729_b0f68c50ef,62,0
3630730_23567bfb51,8,0
3630781_0dfc5a8e7c,13,0
3630773_65d21e0e4b,49,0
3630774_8bcbfa6703,109,0
3630780_6559bfe6fb,8,0
3630831_1e55ddd20c,50,0
3630838_5054ee50d9,62,0
3630840_50c1f061e5,121,0
3630842_a81f6d8c52,63,0
3630911_b5c8c1aa57,56,0
3630941_fd2772e9e8,42,0
3630967_7739fc1281,83,0
3631001_12d0fec557,22,0
3631003_7eb7374e30,31,0
3631045_ff7d9208a5,48,0
3631047_206a9ec74c,56,0
3631048_b1828a1cf8,39,0
3631051_960ac4823f,26,0
3631061_fa93e232a4,53,0
3631062_b9bbe7fb66,49,0
3631064_1c6135562c,16,0
3631070_e209da0312,65,0
3631071_a1cc35cd4d,73,0
3627023_d0fc14fe01,60,0
3627045_50d5aa37ab,16,0
3627210_07aa652d25,12,0
3627360_ee45a6cf3b,126,0
3627379_acc6a2e7aa,196,0
3627422_2e432496c0,157,0
3627458_397f17814c,218,0
3627515_08e0670607,54,0
3627513_1751c74819,55,0
3627527_84053962ed,50,0
3627539_ce589f0a65,25,0
3627729_d3cc4c1a3f,88,0
3627754_531e82b894,24,0
3627875_fa93fa2165,20,0
3627891_dd9dab8b97,27,0
3627934_0ef611ac4b,54,0
3628021_b81cbf832a,43,0
3628022_12a4daa9d1,8,0
3628146_2978b14078,63,0
3628224_e6c092e712,84,0
3628226_0404eb4374,70,0
3628229_b14c97d395,75,0
3628306_fcc6548036,26,0
3628382_9478219fc4,22,0
3628425_43cec92392,70,0
3628421_ab73e9cbc3,78,0
3628427_8e6fcd9b94,28,0
3628588_1bf05a2651,103,0
3628713_9b554a1eef,60,0
3628786_89da93754a,23,0
3628797_49f074a896,41,0
3628803_3a5d0f3199,142,0
3628845_3eba2e391a,189,0
3628860_5792d61bdb,170,0
3628876_ce1914cda7,31,0
3628990_a83b46a154,11,0
3628991_1e7db5ccda,22,0
3629001_568e67d8c2,50,0
3629005_fe1bab91d0,27,0
3629137_c5848724ec,20,0
3629144_295ab3e2cf,26,0
3629164_58bb33d25b,103,0
3629207_4e11f2cb0f,25,0
3629215_fc57f4bf50,17,0
3629221_816d12df9e,194,0
3629222_d611e75515,258,0
3629223_d66020974d,128,0
3628629_c916a98c9f,32,0
3628653_aca8ffecb7,19,0
3628671_7137d45417,17,0
3628174_990385d551,133,0
3628177_b06bbd68df,135,0
3628175_208ad07736,126,0
3627947_9cfb2228c8,29,0
3626265_498e2b8649,43,0
3626273_668ab10e06,491,0
3626326_3a4bdcc36b,37,0
3626325_3b0c5cc39f,29,0
3626322_1114003b4c,34,0
3626323_c46d2e606e,23,0
3626352_8cac8ffab2,38,0
3626369_09a33cc098,20,0
3626370_a4039896aa,46,0
3626378_a5e19314c8,17,0
3626411_65f55216d3,30,0
3626415_2e4b2d92cc,72,0
3626419_ee53990620,24,0
3626543_68942fb49b,476,0
3626542_c0f7e0c425,297,0
3626620_9fd6530cc0,39,0
3626678_827441f2c6,23,0
3626697_b9bf305d65,50,0
3626703_07fccb9825,186,0
3626707_cabac933b8,131,0
3626705_d5f1e46f8f,174,0
3626740_0c8b36e3e4,25,0
3626752_a402a5864e,65,0
3626779_214a994793,34,0
3626846_4635d87cb9,22,0
3626845_0a3c7d6f21,19,0
3626901_b1bc840849,26,0
3626902_1b89856b43,20,0
3626926_38e324aadb,112,0
3626940_b699fe343c,69,0
3626954_2e174e7292,10,0
3626979_291cc86a5e,92,0
3626975_bdf855d3a9,39,0
3626985_2a0a007d04,68,0
3626990_a5609e94ad,105,0
3626991_2e1deed8f3,178,0
3626110_a2dc9b7650,28,0
3626128_93bc208346,41,0
3626136_cdc42ec7ef,152,0
3626150_641521c63a,81,0
3626159_905631cba8,568,0
3626208_f31712e893,30,0
3626218_23b03359af,30,0
3626214_51eaa2dd40,41,0
3626209_581d7801dd,23,0
3626210_1382527b5c,30,0
3626211_4ecdb36d5c,50,0
3626213_296f90152b,43,0
3626264_57b50c6b69,39,0
3626263_367a89b6ed,48,0
3626266_8cd27f7922,41,0
3626267_cc2b4d542f,73,0
3625967_0b4c71a520,189,0
3625979_2f338e7535,188,0
3626033_47e9363bb1,52,0
3626058_2e06583ff4,28,0
3626059_f78ba13709,105,0
3626072_40dc353ede,898,0
3625206_997cd84f96,26,0
3625302_6106980e0a,51,0
3625334_0b66d89c32,29,0
3625355_5ba6bfebfc,5,0
3625360_202ba41895,88,0
3625359_367393f4ea,206,0
3625387_49b9b677fc,5,0
3625409_0627fa392e,22,0
3625461_c6a492bdb1,17,0
3625511_c2904c5744,24,0
3625633_c66e92da5e,73,0
3625713_57b7473ab7,69,0
3625721_005883892d,26,0
3625725_fc51f0ed68,8,0
3625808_ca5d76327c,13,0
3625823_3d168772f9,20,0
3625861_8367595166,157,0
3625908_0019499044,44,0
3625938_68dcf9852d,49,0
3623602_696d3a72c3,508,0
3623669_0a4dee496a,8,0
3623732_d4f59127f4,21,0
3623779_1fe10628a7,28,0
3623786_0905d37ab5,35,0
3623789_9bf90701ae,56,0
3623808_88e84b4bf0,48,0
3623883_83adc8fab8,47,0
3623885_8997c17ee6,44,0
3623886_572e65f655,48,0
3623911_3a4ccbea29,31,0
3623979_383433a92f,644,0
3624053_5d4df24e45,24,0
3624063_8dc40f88b8,136,0
3624176_7d4a65767d,112,0
3624245_347c0bff79,36,0
3624254_e3ebb36e92,35,0
3624263_186bc62502,32,0
3624379_fa90cdd671,88,0
3624380_c2a0ea63a8,88,0
3624384_7bd3a57783,88,0
3624387_76181b5940,88,0
3624419_05ec938c55,27,0
3624415_0725be644d,72,0
3624615_847b5137cd,43,0
3624644_88b7b99c96,38,0
3624654_275a0dcf89,17,0
3624704_35fe86ff85,24,0
3624708_933c3e7684,24,0
3624709_5f17eefb70,144,0
3624774_7b4c00e303,36,0
3625054_68f14fd56e,117,0
3625086_aa0cb061a0,123,0
3625096_66f09e9372,88,0
3625173_095d56be65,39,0
3625190_613ed55b0a,204,0
3625213_f288ff0670,22,0
3625225_f3e01788a1,22,0
3621880_f1cbb8a55d,28,0
3622165_748526e530,320,0
3622172_527ce7ea81,153,0
3622195_7059080828,127,0
3622194_fac9501124,101,0
3622197_6c8510bba0,34,0
3622243_5a763c6d0d,125,0
3622244_5ddebec5d5,32,0
3622242_1f031b2c56,176,0
3622241_8195369e4f,199,0
3622570_52fd9b6aaa,46,0
3622569_9e4f6cd305,73,0
3622566_412be24793,66,0
3622568_269dbca441,76,0
3622567_3c609a77d7,72,0
3622579_9a9f847a5d,567,0
3622581_2877b5a018,193,0
3622635_59d5ec6248,46,0
3622645_1d27990183,21,0
3622644_0abe589abe,35,0
3622642_88be5e5d40,87,0
3622636_e60115379f,50,0
3622697_c2d5d50b3f,18,0
3622762_f19881ce15,5,0
3622849_977ef2c925,29,0
3622871_96d6d489f4,31,0
3622917_7e5448cb5e,10,0
3622981_adc1e9f9b4,54,0
3622995_5d2163b731,1141,0
3622999_64dd8c94ee,27,0
3623063_d9aec55c4f,31,0
3623094_1a16204c74,163,0
3623101_0855c6906f,19,0
3623149_7a865d4ba8,200,0
3623150_a039549885,199,0
3623154_acaf5d6f4c,192,0
3623157_7bfd56c5f4,172,0
3623195_2864cb9fa5,69,0
3623199_d5797baee6,106,0
3623230_2457ddf8d5,71,0
3623277_5b4ed73b6f,5,0
3620160_f27caa1f19,31,0
3620201_177a830a01,70,0
3620244_d333340645,25,0
3620245_5264b0f5c7,35,0
3620246_2413d52649,10,0
3620250_e826b21e73,70,0
3620256_c5acc01226,395,0
3620342_0cb8beb1a3,34,0
3620461_ca577224fe,78,0
3620526_f016f284e6,37,0
3620522_ff3db4ff66,81,0
3620540_8d77be2bd1,26,0
3620592_c2f877bff5,77,0
3620593_2325b024fb,222,0
3620597_72090d6088,73,0
3620598_ad198ef3cf,90,0
3620600_6f7f9517e1,50,0
3620664_49266de416,91,0
3620661_5295d4f6cf,179,0
3620660_8d5d44371d,171,0
3620665_05bab1bb09,109,0
3620678_f390812adc,5,0
3620693_73a3dc971f,594,0
3620734_f76b521679,39,0
3620748_953b82b6ac,148,0
3620767_09080c896e,132,0
3620814_cf0239ad98,42,0
3620813_f2b39777de,44,0
3620848_6e13f83607,32,0
3620850_8ecdb3fcee,39,0
3620955_fb6735922d,72,0
3621027_dc5e2265bd,109,0
3621051_a0653353ee,165,0
3621052_e10797f8b3,273,0
3621054_1395a12edd,94,0
3621138_dccccc4f7e,34,0
3621146_b8f210c3d6,39,0
3621186_cd4699209f,48,0
3621307_21acac5753,40,0
3621317_61a00768c6,26,0
3621357_8e25f08d61,300,0
3621360_b1a6222be7,31,0
3621359_ec29fc97d0,82,0
3621362_758d3199a3,99,0
3621363_72374f2352,117,0
3621451_11cf51d9e0,49,0
3621461_d362dd7e04,92,0
3621460_910f22e4e6,92,0
3621469_d50366db41,27,0
3621491_f6a2b0dd40,205,0
3621503_42807a3ead,486,0
3621583_d502ade013,483,0
3621636_3402a7d1ab,46,0
3621638_0bfb109bd5,37,0
3621704_909053e962,44,0
3621706_9de069f2c4,199,0
3621708_a908862b72,199,0
3621768_bd4f30ed1c,20,0
3621762_9f084345b7,127,0
3621757_e20385e4b4,35,0
3620098_74b2e5effb,28,0
3620154_3bfd7c8839,46,0
3620166_545203c17d,10,0
3618759_af06403562,60,0
3618760_1df4cf7f90,129,0
3618846_cb9ee084d8,200,0
3618958_914ce7e826,26,0
3619013_89c6c702dc,72,0
3619023_d1484940b3,52,0
3619024_2606269a9d,56,0
3619088_57fc97fd20,250,0
3619115_f81d5165ad,69,0
3619352_cc795bd23c,27,0
3619354_b230dc2e23,16,0
3619427_09279cbc67,33,0
3619478_b84334e462,417,0
3619507_e17b62ac7a,70,0
3619670_f5168cc992,55,0
3619672_19c1869186,103,0
3619758_1853624873,55,0
3619763_49989137b5,65,0
3619787_49776707df,70,0
3619859_8a442feaae,8,0
3619903_a296369a9c,29,0
3619923_c3f5d4a11e,580,0
3619931_0baed7b1b7,207,0
3619940_be91fb637c,555,0
3619942_16cea74048,18,0
3619963_04ac204650,6,0
3620017_5ec39a52a8,24,0
3617245_034e2010bb,20,0
3617249_172f7d1cd1,47,0
3617251_8df10ea44e,44,0
3617292_517d337d82,22,0
3617356_75d4a5a4a2,113,0
3617372_c263cbb1cf,4,0
3617489_384f4c6f0b,5,0
3617540_13745361d6,111,0
3617624_4de3fd0c52,76,0
3617632_1d16b22549,94,0
3617630_a8509d994e,80,0
3617680_d292622d71,78,0
3617687_3b386e40ec,61,0
3617736_bae62071fa,143,0
3617737_d8d043bb29,143,0
3617750_5f7fdc39db,20,0
3617906_fde06aa746,4,0
3617913_c91b8f2004,149,0
3617976_b8877d3803,29,0
3617999_a1220ce3eb,159,0
3618201_62460c37ab,157,0
3618261_a90c3e1f34,28,0
3618320_2e5aedc109,58,0
3618373_2b54b1264e,56,0
3618375_401d97106a,27,0
3618374_cb5bbf5e73,49,0
3618376_9b1eef9cf1,36,0
3618377_944d7002fa,63,0
3618378_262a0d688d,62,0
3618379_6ee81fbffa,38,0
3618382_a61343e117,23,0
3618387_8d6ac51ff9,26,0
3618388_5ddb5eac82,46,0
3618389_9b7aa81388,48,0
3618454_42af5a14fc,313,0
3618484_ccff5fd112,92,0
3618514_793d23b684,80,0
3618518_86f3fc1af5,80,0
3618516_358fbab994,79,0
3618517_afb457cb64,80,0
3618528_8655b7fa32,27,0
3618548_60e0d38b4d,34,0
3618549_a3aa50f86c,43,0
3618600_cb7d3c5387,36,0
3618605_be96d9d859,25,0
3618619_68675b1732,27,0
3618660_240ee197ad,34,0
3618662_b060a471e5,4,0
3618690_4ea435a220,33,0
3618695_0aa002b91f,241,0
3616555_2abf1fb9c7,370,0
3616566_93285c13f2,13,0
3615152_8a1771f3f0,6,0
3615193_e801e915f1,48,0
3615188_2d6de0d715,39,0
3615251_487ebbc93b,51,0
3615256_6a83e5df04,25,0
3615261_db2fd5d599,6,0
3615292_7957874376,10,0
3615299_f46b371d8f,130,0
3615302_9c8701e4b4,233,0
3615312_1f07c6e7be,9,0
3615310_feb365b52a,9,0
3615317_249e8bf779,6,0
3615319_0329f2c96f,10,0
3615333_4ab92f3665,20,0
3615356_e2a4b155b1,62,0
3615367_8d13eaed33,24,0
3615378_8c49435b99,107,0
3615393_bfeea0d75b,25,0
3615400_3120a90daf,31,0
3615417_2e1ba71350,78,0
3615427_022d364250,87,0
3615488_cfc0d3d3b3,219,0
3615491_168f04ff11,40,0
3615492_a862719ef5,138,0
3615493_3999439fd9,40,0
3615504_f42ca3539d,261,0
3547881_4e872773d5,35,0
3615564_a8a3faa58b,244,0
3615571_5f2d64dc2e,28,0
3615591_845a04e194,57,0
3615683_eb95c26c5d,21,0
3615692_8d73545dc1,65,0
3615695_227768993d,61,0
3615701_ffcf84d30a,112,0
3615700_ee86d72279,122,0
3615709_5b187aa87d,4,0
3615733_44cbbb31e6,127,0
3615734_82a3449a57,156,0
3615735_85c481cbc7,145,0
3615737_a9bef57389,129,0
3615837_2fed70ecfd,47,0
3615817_d364fb8998,64,0
3615818_a84871d03e,17,0
3615819_b2bbe162d5,65,0
3615821_de0caf79c7,32,0
3615825_f01015f898,32,0
3615823_e166265804,32,0
3615830_f260e536e6,46,0
3615834_e8fd894a7e,61,0
3615886_672f48a59e,235,0
3615890_6969cec38f,55,0
3615888_87705774db,53,0
3615900_d994c74d78,50,0
3615901_11e927d253,92,0
3615904_368da5f1c5,52,0
3615906_80c65cae88,50,0
3615908_9dbbf05875,113,0
3615915_5d1e1a13bb,62,0
3615917_962fac8d61,112,0
3615934_a2ce267f8b,50,0
3615936_8b91b572e9,146,0
3616032_8da3959013,140,0
3616051_a315ee5f2e,87,0
3616084_82786364c9,56,0
3616086_cd2087afce,46,0
3616088_b76581e97b,50,0
3616089_5d1a5bc467,21,0
3616090_ec8664d305,36,0
3616136_3cdf94ca09,6,0
3616140_cf7b24c543,7,0
3616145_9098ca9913,8,0
3616146_34fce75a24,7,0
3616168_5227670a67,41,0
3616243_4667c2b730,61,0
3616268_4213a1a2e6,8,0
3616276_a38d5e05c2,12,0
3616282_86952966b2,34,0
3616328_d90b605542,54,0
3616357_051e61f1aa,365,0
3616367_fdc2012f84,36,0
3616374_ba38361fb7,34,0
3616417_72cf63e9f7,34,0
3616419_9598813598,14,0
3616420_33f9c7f321,28,0
3616421_ca0578f2a5,62,0
3616422_18903d64b6,31,0
3616423_735656c3aa,54,0
3616425_d2d1e4cb39,65,0
3616477_ea1d0d34d3,50,0
3616464_30e1ed40b4,51,0
3616463_ecc34dc70c,57,0
3616500_4f5b2fb9cb,20,0
3616488_056746b79b,99,0
3616489_db07adaa20,55,0
3616491_540ffafed9,60,0
3616490_12fea7c829,96,0
3616506_ca0a37900c,395,0
3616505_74d858d065,418,0
3616507_3bc0990892,72,0
3616508_42b42f65f7,34,0
3616509_dcd0b64a38,47,0
3616512_9aed9d4ab3,253,0
3616525_8adf6b3b7d,68,0
3616518_754380e7ea,76,0
3616537_82a75084a7,67,0
3616554_7e02b99111,382,0
3612890_b4c664e9f0,46,0
3612891_5e9d9af156,12,0
3612997_833565bb73,50,0
3613140_2edef662e4,16,0
3613218_68a1655644,400,0
3613234_c894da2015,19,0
3613236_e3f397f81e,9,0
3613249_59bb06e2d9,227,0
3613451_1f10145aee,35,0
3613478_2013c20583,30,0
3613475_dc8b798f72,4,0
3613484_f2d4686dcb,222,0
3613488_c5e474d303,32,0
3613489_64adf1a484,48,0
3613494_e130a60eb1,40,0
3613539_72731c5366,579,0
3613564_5b1d4a7e60,8,0
3613600_33baadd5d5,621,0
3613617_0f65b2e1fd,18,0
3613625_649e6784c9,12,0
3613631_753f8231a6,2,0
3613633_8f74bb9130,37,0
3613629_0916c5f93a,15,0
3613641_045d9015a3,49,0
3613696_458fad8e0e,14,0
3613713_8f4968c46f,36,0
3613715_e2a4afaa27,41,0
3613717_b9d9db4352,40,0
3613716_eacc065248,27,0
3613719_10c92eca6b,41,0
3613720_f2a13015a6,56,0
3613792_46632c069c,22,0
3613892_1c9e85ee8b,55,0
3613896_620ada3199,62,0
3613905_fdd488a391,3,0
3613906_4fac4c0c9e,4,0
3613956_a3ce166871,42,0
3613959_a6fcff5a05,48,0
3613961_7feeefa04c,59,0
3613964_caf5fad1f7,34,0
3613970_b69e3de9ad,20,0
3614027_9f9a11e4be,21,0
3614035_f846710ea9,118,0
3614032_0f0e948148,46,0
3614033_ee2c174935,26,0
3614038_e443838f6a,17,0
3614065_358b5623f4,36,0
3614081_e87e93fbc4,4,0
3614200_800ce8e6f4,371,0
3614263_97e868259d,86,0
3614264_e43ccb5beb,106,0
3614324_75e03e9ef0,17,0
3614396_499eea5ba1,120,0
3614400_865baff00c,102,0
3614401_40973d6348,100,0
3614403_44bf644e2f,91,0
3614406_17a61978fd,1524,0
3614405_95f655a098,107,0
3614411_cbb8e0d2e7,27,0
3614415_30cc3a1b11,151,0
3614420_597455284b,22,0
3614438_145ca63d80,10,0
3614467_6525d4fe39,17,0
3614472_b07d157399,1571,0
3614531_62b4aa1d49,55,0
3614534_3aa792abe4,88,0
3614533_b8edd62cef,55,0
3614532_064e4fd857,89,0
3614564_c35e70165b,50,0
3614616_bbd98184ee,52,0
3614628_d5a40f4277,50,0
3614655_62a33ebedb,88,0
3614664_6d2f36028a,51,0
3614673_adc09fb6d6,22,0
3614674_24534c38d4,41,0
3614675_7ed0cb660c,31,0
3614678_ee1fd8d7af,51,0
3614679_5509354a30,28,0
3614752_3b429c0ce0,311,0
3614804_35e3ce4596,317,0
3614814_816c806451,105,0
3614833_8e2757dd56,3,0
3614921_7aa5cb82ee,38,0
3614948_8a801fc468,39,0
3614971_40d0fda610,62,0
3614972_264167b4d3,34,0
3614981_3f7d5849bb,23,0
3614977_ae82e9dbfb,28,0
3615002_0a534de3b9,43,0
3615015_c32d966d94,53,0
3615045_01d84e1ec1,361,0
3611395_d1c06bcbc3,88,0
3611538_dc6a4a7ac2,105,0
3611540_3157f921e0,167,0
3611564_ee22cb9cf4,22,0
3611617_523cfb41bd,197,0
3611619_ffe3636e77,206,0
3611623_4a7e0db4c8,217,0
3611618_8fce6c937c,172,0
3611621_533d8c2555,244,0
3611854_132b720cd9,52,0
3611857_947308a00a,229,0
3611856_93c7a9019e,173,0
3611860_8c362f9c50,370,0
3612019_3203b433b8,61,0
3612023_8ecfba88b6,18,0
3612107_8f26e4012b,19,0
3612471_aeae087f4e,75,0
3612556_c5798dbe9f,39,0
3612580_d6ddae185b,16,0
3612590_6febc5c415,29,0
3612600_731689d393,259,0
3612831_9c6a816fd1,28,0
3612879_ca24f1a4b0,27,0
3612880_eed7db7849,31,0
3611154_a81ba06af0,50,0
3609671_c73f6c18b2,25,0
3609732_bd219b5748,43,0
3609827_647595599e,44,0
3609903_b3f685a06e,14,0
3609940_7b5cb552f6,37,0
3610015_fe702cae19,152,0
3610016_2fd0c413f4,46,0
3610018_595922e27c,157,0
3610028_7098b4c806,39,0
3610037_b1f54b19b2,41,0
3610031_4b289227f9,39,0
3610029_8fd6e33fdb,38,0
3610033_f847b73cd6,140,0
3610097_7a48f88805,167,0
3610100_5db3e7554b,55,0
3610119_94539e8d78,69,0
3610166_2677da6c00,69,0
3610170_6d1a9d9f06,165,0
3610168_0a2ca87887,72,0
3610213_6909b0cb53,167,0
3610214_96ab6cf634,165,0
3610215_b2af76de06,178,0
3610222_2e6f0fea5a,159,0
3610256_e721960817,65,0
3610299_5d551a6e87,423,0
3610301_30309a456d,270,0
3610363_2d0efd4c28,47,0
3610365_dbea34c566,35,0
3610364_5ef49ba95d,119,0
3610372_11987e7595,25,0
3610383_4cca9a504e,831,0
3610481_7dbda979bc,97,0
3610485_9eb547cbfe,4,0
3610489_8cf9ab89bd,22,0
3610512_1b0dd64e01,36,0
3610560_b89bbbef38,28,0
3610566_4aba1b4191,41,0
3610568_6d1543865e,27,0
3610607_71dbb9c644,91,0
3610625_1f5ca8a1e7,46,0
3610745_74efd29f1a,4,0
3610874_9b7b5d1b4a,99,0
3610880_96da81ad9f,38,0
3610908_adfbb18fe6,123,0
3610906_6b269c6da4,134,0
3610907_f47148e094,122,0
3610911_39f39288ad,119,0
3610926_c846aa8e9a,48,0
3610929_e0aa909cf3,16,0
3610960_e81514fcbe,79,0
3611010_c1f06d15e5,155,0
3611037_69a30e1357,47,0
3611026_3b66feb445,63,0
3611025_ea6bbc681f,88,0
3611069_7dc8ef0aa1,23,0
3608398_39036dd046,145,0
3608424_5354ac9c76,100,0
3608425_36f831049e,90,0
3608434_61895cbf34,90,0
3608436_554c097332,202,0
3608437_9809109172,64,0
3608446_7789a944d0,49,0
3608438_1185e8849e,78,0
3608448_0475232194,138,0
3608463_46039519f2,233,0
3608505_dd58cb2d11,155,0
3608506_76067692a5,125,0
3608510_ee3aa794cc,139,0
3608514_04aa4a8c6d,155,0
3608554_2260b47afa,25,0
3608561_4a945d1c43,54,0
3608590_40cf980964,726,0
3608648_1cc59dc15d,300,0
3608688_a791b1603c,140,0
3609026_778b2fdbcd,55,0
3609074_d8fb2b834f,39,0
3609170_d31d3c07ae,36,0
3609222_b7e45696d0,366,0
3609266_29520c7745,56,0
3609273_82f1333e09,26,0
3609332_8307fed182,12,0
3609401_ab71041b84,114,0
3609428_d857af7353,97,0
3609433_e56ae5adab,168,0
3609473_ef3a9dca06,24,0
3609500_f2f46d5c89,50,0
3609505_5410106a82,27,0
3609520_18ea4b0d95,109,0
3609540_2a0d961a19,9,0
3609541_b80bf272e5,14,0
3609544_29a962f8e4,10,0
3609554_8ce1719e24,4,0
3609559_baaadac110,10,0
3606271_4a9e37251d,84,0
3606261_cd22da5633,14,0
3606275_f18091b32a,33,0
3606398_39cb78f466,58,0
3606545_30e83e3ce0,90,0
3606659_7d294e157d,28,0
3606913_57f25dca87,119,0
3607202_20fdf2fde7,205,0
3607224_94e7c8617f,11,0
3607255_749caa50b0,83,0
3607256_86380ebe12,63,0
3607258_8fe000302b,87,0
3607259_b89be46d34,78,0
3607262_e7bd7605d4,121,0
3607335_c5dd410592,33,0
3607373_03b15112b8,78,0
3607392_b6072e233d,16,0
3607468_fd0e418382,597,0
3607542_2502d6994c,32,0
3607583_f8dc6ea69c,289,0
3604391_30c1ffa794,41,0
3604406_d664f0d23c,16,0
3604421_306ec5a785,30,0
3604426_087b2678de,24,0
3604440_24d465a3b1,24,0
3604445_8c13140037,337,0
3604451_88b410168b,81,0
3604475_7c6cd2b518,16,0
3604474_7fa7cd44c0,15,0
3604519_12845433fb,100,0
3604528_efbc104e83,244,0
3604541_c908da3d46,42,0
3604546_c712641ae1,32,0
3604572_ea15ff66d8,23,0
3604596_03a18ec772,49,0
3604600_31752f0157,84,0
3604721_07ac57727f,51,0
3604773_37fe5f43df,117,0
3604756_4e6ff23034,18,0
3604848_273f46a84a,21,0
3604855_1643a0d996,17,0
3604854_ccc645eac3,43,0
3604991_e3741f95a2,24,0
3605007_ca757d18d9,152,0
3605006_936e307160,156,0
3605013_dcfc20bb54,419,0
3605029_145a8dc0af,85,0
3605044_8ef5646cc0,35,0
3605070_c73a49985d,79,0
3605079_e8c8d1a5bf,137,0
3605080_e2ab0179b2,207,0
3605081_2f32a9ce44,187,0
3605082_5c096d4230,120,0
3605083_6676bd0061,151,0
3605088_c2b63c5d09,141,0
3605087_c11698ac17,145,0
3605129_b1ea553bf1,36,0
3605148_78ff0d185c,11,0
3605157_2ece78bac7,142,0
3605164_290963c1a6,169,0
3605168_66e5666ed5,203,0
3605165_8f409afa61,173,0
3605166_b4ecec73eb,189,0
3605178_397d8edd5e,24,0
3605169_d85f4ec4cc,169,0
3605182_ccc0ca7d1d,1953,0
3605207_b7ceaa1048,19,0
3605211_c6a55ba3b0,198,0
3605210_7f520b9152,183,0
3605268_bf3e7e7623,172,0
3605266_71512da251,161,0
3605284_92a397cdc5,186,0
3605283_71b8d02f6e,208,0
3605289_daf10ef754,4,0
3605312_92edab19cf,15,0
3605329_b032ec10ae,123,0
3605331_408e4acd17,104,0
3605332_b97a693b40,105,0
3605335_b7a585aa9d,121,0
3605336_ce8172396d,133,0
3605339_e9758e8d05,447,0
3605385_ad54aac322,116,0
3605386_9a5527dfea,113,0
3605387_3197a6216d,148,0
3605388_78ffbb6fbb,123,0
3605395_f6cf26f3a0,130,0
3605394_b5d96c02ad,117,0
3605422_83670c9356,20,0
3605419_37a2ae4547,42,0
3605425_8e5d22560c,42,0
3605434_436636727b,32,0
3605437_50b228644e,117,0
3605439_d052918a42,141,0
3605442_7af81516fe,125,0
3605445_a953902790,104,0
3605444_6444d72b17,131,0
3605443_f6a1f76242,131,0
3605463_7159d01741,29,0
3605480_f052f3ab70,24,0
3605490_7807639103,22,0
3605503_1355ca7847,47,0
3605537_0267358260,36,0
3605536_9adaff7189,36,0
3605558_840e1ffca4,137,0
3605593_0706920506,20,0
3605598_1d1175b679,12,0
3605650_ad7cd674f3,9,0
3605663_caeacc6414,240,0
3605664_b4092d33e4,240,0
3605668_5f0ddb76a6,104,0
3605671_494782583d,125,0
3605701_caceaa1b69,71,0
3605702_baadaef67a,102,0
3605676_36716d8988,26,0
3605677_76a67a7f81,135,0
3605678_ea8c684839,83,0
3605680_88187d0dac,332,0
3605681_1b92d4fc45,315,0
3605732_862e1226dc,1056,0
3605742_f2178c6076,75,0
3605744_33f17e67fe,19,0
3605745_b8373adb8f,43,0
3605753_61d334726a,86,0
3605763_21be45d168,35,0
3605772_460f92ffc4,28,0
3605796_f2d1e425b0,45,0
3605802_635f99e3c6,13,0
3605805_96485b480f,15,0
3605810_1b477c46bc,31,0
3605816_7c45352adc,6,0
3605814_293a73c026,30,0
3605827_f8d449d05d,1014,0
3605869_ed9a514760,12,0
3605870_6116bff9a1,22,0
3605923_29ee4234f7,353,0
3605941_cf779229b8,9,0
3605970_c03b72ba8a,11,0
3606012_ee45f34f7e,20,0
3606019_f82b00850d,206,0
3606059_8c4c62d740,157,0
3606076_e967b06ae6,12,0
3606082_4bc01ad0fe,18,0
3606087_c2ca883b25,8,0
3606083_c420ac7649,8,0
3606116_a66c9eae27,23,0
3603905_9985395e68,743,0
3604274_38bb9927e3,1470,0
3603013_35919b47d7,1352,0
3603343_1f0bf2fe75,46,0
3603539_daae38bbfb,124,0
3603548_c048ae8bd0,41,0
3603577_71c075bad6,9,0
3603585_b054f448c6,108,0
3603583_0192032f9e,108,0
3603595_a2dc83023c,413,0
3603720_1cf125e938,46,0
3603722_b2dc993979,62,0
3603755_126b325c57,58,0
3603821_fcadc3b5d3,143,0
3603918_e1455d49d9,63,0
3603930_3aff8fd985,35,0
3603942_6fdc560c40,98,0
3604002_5986b7e763,72,0
3604094_065db131ee,63,0
3604103_1105c130cf,124,0
3604105_3998bd1fa5,220,0
3604170_0614eb9232,115,0
3604178_e7ba728a52,21,0
3604248_2fbb396c86,24,0
3604293_1ffc937bd5,5,0
3604297_b88765c7b6,70,0
3604310_865e2b6849,80,0
3604316_e230b22f71,16,0
3604354_97fb9dfa69,80,0
2213927_de16256c88,16,0
855908_bc3c87bcda,21,0
1308685_6049800b68,31,0
1289760_6b0d51550c,24,0
2915412_8837a90597,251,0
602385_4218264552,17,0
589836_d5f4278e4e,15,0
3097890_c0cbabcaff,28,0
3601661_0b01a6f2c4,26,0
3601669_723a9df045,7,0
3601672_6fa59775ae,11,0
3601675_31fb6bb868,43,0
3601708_546d3233cf,442,0
3601709_a5234c55c1,361,0
3601712_77a08fdab5,75,0
3601713_ec8bf10291,63,0
3601714_b6aca4c577,61,0
3601717_da51b0c34f,65,0
3601716_739176226a,65,0
3601715_874401d35f,65,0
3601721_f197953b4e,38,0
3601732_facfd2e961,50,0
3601727_6f595d6e62,52,0
3601730_a08012db3a,52,0
3601736_bd39c4c604,50,0
3601740_d1e7572a11,53,0
3601744_5e47e1756e,788,0
3601755_6d64fa26d0,31,0
3601758_3f3f01f5fb,13,0
3601761_0089ba6848,17,0
3601780_83b5f1b633,52,0
3601795_faef01d3b3,224,0
3601842_c3aab7e738,58,0
3601847_033ecfb715,60,0
3601851_f9c0050fb0,62,0
3601849_7c4ea7f76b,64,0
3601864_a7aceb7e3d,232,0
3601908_2b1fa61e46,230,0
3601909_e837ff313a,24,0
3601910_4d86a2efab,73,0
3601911_3e01910a5c,27,0
3601921_aaccc06a46,121,0
3601923_156d6f229c,136,0
3601935_5b6b48eeed,145,0
3601939_43a9a0a7b1,155,0
3601942_158365a124,65,0
3601944_323872d2f0,79,0
3601946_9f48008951,65,0
3601948_502c5bad97,27,0
3601994_bad0254f43,10,0
3601996_044bc78ea4,8,0
3602019_2f893a068e,25,0
3602023_b6985eba60,41,0
3602024_a6a5a0098b,37,0
3602025_80718672ec,23,0
3602036_0bd4b9f0e7,64,0
3602057_52df2d2030,101,0
3602080_9953234329,84,0
3602082_fadf5d93ba,24,0
3602083_a4c884700b,24,0
3602087_25511b7118,25,0
3602088_9867d4a7f1,24,0
3602151_d28d1a9770,10,0
3602158_10bea464e9,13,0
3602160_7e516d2142,62,0
3602162_1c01e50e6f,62,0
3602165_bff5fcb64d,63,0
3602163_3db990fba8,62,0
3602166_8442effdf2,153,0
3602167_c30ee7eb55,62,0
3602169_6d2f182e33,70,0
3602170_67aeab5a57,60,0
3602172_4306d64036,64,0
3602168_7173f8944b,63,0
3602171_8a8066f93e,65,0
3602206_1f9b24e844,59,0
3602307_b50fc1ee7d,188,0
3602317_a534cf3882,47,0
3602319_2e840a51e3,58,0
3602326_3b1ef07f8c,21,0
3602335_9f1f412b4b,8,0
3602343_7e6df181d6,6,0
3602376_9539f6f11d,92,0
3602396_a88473995a,24,0
3602442_b44c1ba173,123,0
3602444_922d6e5e6a,150,0
3602446_92c60d73c8,40,0
3602447_d457fff620,60,0
3602500_0d67137fe9,49,0
3602523_14cd1e3283,49,0
3602520_38c2d5f59f,50,0
3602516_eec7081cf7,20,0
3602509_a86816ad52,44,0
3602503_a491ab0a32,45,0
3602527_1b2a9cb1ea,457,0
3602532_ca29788158,316,0
3602540_c787d9c09b,322,0
3602545_440835cb55,311,0
3602550_10cbf6561f,321,0
3602551_66b0f876d9,321,0
3602552_df4834bc13,321,0
3602554_a8af4cb1ec,431,0
3602568_af010564a8,7,0
3602572_fb68b14ea3,12,0
3602697_70a098b2b0,569,0
3602779_f49281e8b7,210,0
3602789_d816668367,73,0
3602832_3542411129,12,0
3602844_60ce69c727,26,0
3602841_b903a0c71b,19,0
3602855_996a8d6a04,71,0
3602872_6dd1b94503,37,0
3603026_4e14266a28,25,0
3603027_3cc6d8323f,30,0
3603049_40bb4ac3f0,17,0
3603080_164f2ec65e,12,0
3603105_92b52dbb27,177,0
3603107_772d2d325f,18,0
3603206_1957d0f1b6,13,0
3603213_dbc07d9745,10,0
3603212_a13d77d840,45,0
3603223_73d195d805,64,0
3603222_9f627a0d1e,72,0
3603265_46c66fcb26,4,0
3603262_949400c62c,2,0
3601402_2c33ae0578,27,0
3601404_c9dd4ddf78,23,0
3601413_9fb9900611,10,0
3601415_a613deccee,8,0
3601421_03819fc797,8,0
3601425_7cb430b9a0,4,0
3601431_b2bc106cf0,84,0
3601437_36a5c2cfcc,42,0
3601529_0e7b00d6cf,4,0
3600492_a1cc4aabff,87,0
3600648_491054e057,14,0
3600756_a10ab6612c,52,0
3600789_c348d1a81f,38,0
3600849_bdfefcc17a,5,0
3600855_d62bc58c39,1084,0
3600899_8558ba0327,145,0
3600979_b2e88446a6,26,0
3600992_23969c544c,39,0
3601013_dd2d0dd3aa,101,0
3601060_7dec7bc0df,30,0
3598068_180d5f3233,342,0
3598160_5ce4122b89,23,0
3598208_9df927c62f,37,0
3598293_0c4b7eb89d,224,0
3598348_39453eb46b,42,0
3598472_dc51cd776b,13,0
3598487_674fef9482,92,0
3598519_d5288e8733,10,0
3598561_a84a1bb82b,210,0
3598677_9b0235b390,27,0
3598759_07dfdf7a82,100,0
3598757_ad5a4b2110,95,0
3598924_4891eab692,75,0
3598936_dcf1c30043,1879,0
3599010_8f32be9f79,91,0
3599008_eef499d2b2,92,0
3599012_5776377e70,160,0
3599033_eb3a095f1c,22,0
3599090_b38d29ed3e,12,0
3599119_64933aaab5,11,0
3599146_e9af6903b8,73,0
3599163_0ad4f8d331,21,0
3599270_f470ebf462,293,0
3599339_bc51d34f7b,58,0
3599369_4f382ddd4e,7,0
3599374_6efa63e809,33,0
3599378_c926d90aeb,81,0
3599509_6fc81d929b,17,0
3599564_b1ea586f9b,137,0
3599566_c1407b39f6,52,0
3525167_5e43d982f6,87,0
3597227_4a16bba7f1,178,0
3597222_cdd6f0b09a,125,0
3597223_979ae6cf21,43,0
3597224_4a060e52cc,54,0
3597239_64cfd3cf24,80,0
3597236_7292cecaf0,61,0
3597256_ccea13fd94,19,0
3597274_044cb5bd12,68,0
3597275_2c64cd5c40,69,0
3597313_dfab89bc3a,25,0
3597349_7e5bfa74b9,24,0
3597370_d8de43cb73,15,0
3597380_0f2e395362,31,0
3597381_67e701c695,59,0
3597382_b91149ae7a,137,0
3597389_51b73ed21c,34,0
3597390_7a099a1969,42,0
3597468_ecb49619c5,56,0
3597494_e088574b0a,268,0
3597500_be85a99bdb,66,0
3597550_1706de6122,129,0
3597547_0ca2383d17,207,0
3597571_8ba0caaea9,34,0
3597595_f20bf0ac73,8,0
3597651_562985f8d0,106,0
3597650_5bd894e604,96,0
3597638_4327980dcf,266,0
3597639_822572e11a,181,0
3597643_85b94e6dd9,58,0
3597647_312f56daab,96,0
3597669_b7f3e60470,119,0
3597672_a8cd4cfda3,180,0
3597673_34d306eaf2,172,0
3597677_141d30474b,128,0
3597676_199b36384d,201,0
3597680_8575291e58,139,0
3597679_f10af736a2,87,0
3597720_f347f0a9e3,78,0
3597726_870491582a,28,0
3597807_50e85717bd,149,0
3597832_2c7539a7d6,69,0
3597829_6a13dd4e4f,64,0
3597827_58bbac26e1,126,0
3597828_fa25042ea0,56,0
3597836_39f14e4dfe,177,0
3597931_cdae9836b7,60,0
3597936_d3826a8b43,50,0
3597925_c3044f1fbf,568,0
3597927_c6bc84c8a0,31,0
3597928_b444b1681e,53,0
3597970_f794826f39,34,0
3597972_71ea78193b,98,0
3597983_882eff110f,13,0
3598001_34f60ee92c,93,0
3597997_a256871e17,19,0
3598040_44de0dc087,40,0
3598077_04163248be,35,0
3596777_c3e01e38e9,354,0
3596779_e6b8d0ed7e,372,0
3596821_9ae4f474c0,71,0
3596944_864e896c07,165,0
3597028_a3c3c1b55b,140,0
3597046_045e4f4e82,78,0
3597134_43761b4bc2,6,0
3597184_7a03acdeb4,595,0
3597193_2e7b4d6476,56,0
3597195_ba07c399e1,51,0
3597196_d7e37b08e7,51,0
3595648_dcd61799a6,49,0
3595659_6e7c89f5a9,125,0
3595655_2ad23e1ad1,109,0
3595656_63c5ee35fe,125,0
3595658_4353ccddd2,125,0
3595663_148bd59944,97,0
3595664_8b8b7a6081,113,0
3595810_f7d03f3675,37,0
3595954_c9130efda8,79,0
3596035_22ef826740,44,0
3596322_49d7905f43,37,0
3596374_b15cecec99,51,0
3596419_e3c93dc39f,172,0
3596442_fdc38b98a0,239,0
3596485_9ff7068041,52,0
3596681_b8b92ea440,26,0
3596695_382b6a7fad,9,0
3596725_0117d64853,88,0
3596745_1e0a62bf30,32,0
3596759_02f00d0d40,1229,0
3596760_504085cab7,1917,0
3596761_c6d8554381,1917,0
3596768_d187730df8,15,0
3596775_d84f29b389,25,0
3596784_700047bbbf,5,0
3596795_0a3983982a,52,0
3596800_7449c9e377,118,0
3593307_b4b516ff91,23,0
3593411_e44965c7e8,124,0
3593842_9f7c77aa57,31,0
3593881_37a8dbd03f,382,0
3593884_6977dcaee2,67,0
3593928_3cf3676f8d,33,0
3593953_aa5a0b136e,18,0
3593987_fee0273867,54,0
3594007_3cadfbb1ca,26,0
3594060_8d3ee9d741,23,0
3594161_c47723531c,20,0
3594194_e3f7bffc95,223,0
3594405_8b0e586213,16,0
3594408_a139e2b74e,6,0
3594406_667cf56805,7,0
3594407_5d5a5421df,7,0
3594411_5f64128368,6,0
3594448_3a46727574,27,0
3594483_3ac3230c71,29,0
3594492_bb33689e40,34,0
3594645_32b4921c0e,20,0
3594656_51734786ef,36,0
3594728_319865cfe6,61,0
3594764_c2769d762b,51,0
3594892_34112087c2,288,0
3594959_99a4eb8c50,43,0
3594970_7c2e11af8e,26,0
3594971_2091351c4a,22,0
3594972_98d9266e91,26,0
3594982_2de842be9f,240,0
3594995_cb85592768,43,0
3595057_e24d44cf77,33,0
3595068_1c4a5cf696,22,0
3595159_e7885256bf,287,0
3595236_b13c2bf18c,29,0
3595280_9fc76b78da,29,0
3595309_adaf953fff,66,0
3595312_e4f59caa26,79,0
3595327_706e255241,180,0
3010657_6984f6dc1c,939,0
3240839_73e860bfb9,1416,0
3292386_ef8ce728e4,610,0
3436190_187774ea14,102,0
3502002_205f54ca43,13,0
3502260_b5c74347c8,19,0
3502261_e9d24a9414,20,0
3593480_7ac7ecaebd,28,0
3593606_6c72b2c48d,28,0
3593638_e0134c55a0,15,0
3593059_6e892812d9,148,0
3593060_ac4d33f844,133,0
3593064_46ce3ec31a,234,0
3593068_5f3c348281,161,0
3593070_7853119509,77,0
3593072_d7fd882ce0,49,0
3593075_8e7e799374,142,0
3593082_5c4c1c81f6,52,0
3593102_f77d5a8c9c,32,0
3593130_5df1c41cbf,26,0
3593204_dc03d1b6ce,194,0
3593202_8687d9e31f,167,0
3593205_883f716134,178,0
3593206_38379e077e,52,0
3593207_b5bd939697,87,0
3593208_f5f8cbacc7,241,0
3593209_4521954dfa,188,0
3593210_2a33885e74,101,0
3593235_8c386a4e49,20,0
3593257_61225a03af,85,0
3593258_10852ea82e,88,0
3593278_c9eb1382fa,37,0
3593398_08af64e326,62,0
3593439_a1457fd7ce,23,0
3593438_f0601ce232,40,0
3593456_2797a58613,28,0
3593458_ed7ce0eb3e,31,0
3593460_1cb46e29f6,31,0
3593469_9519cb057f,22,0
3593473_b149d5a467,26,0
3593475_823257ac2f,22,0
3593446_bb74ec0f97,28,0
404051_2243f1ab44,20,0
786249_53511b952c,9,0
1388269_f62d772bdd,22,0
3576801_9fa790e0b1,17,0
3592424_4e081b06d8,20,0
3592536_fce8f2caf4,16,0
3592580_70d01a428a,12,0
3592663_7609167fe5,9,0
3592825_3a52efd84a,22,0
3592906_55353ee595,23,0
3592939_b3fd394b51,67,0
3592981_36fd66960f,4,0
3590016_cbfc8b94c5,124,0
3590135_c9c711c401,46,0
3590375_3d4897885e,32,0
3590641_c468db3418,775,0
3591114_822d67bb12,189,0
3591146_5a452c2745,145,0
3591167_c9281ad78c,29,0
3591173_b13153d366,38,0
3591188_b0ada17f24,53,0
3591228_3de16222ce,68,0
3591283_646a4fcce5,41,0
3591316_2a50a9c0f3,9,0
3591341_ffdc5cef3f,30,0
3591352_de1448b0cb,42,0
3591349_7703ada61b,23,0
3591345_14044488c8,30,0
3591353_2b7cd4a52e,22,0
3591387_3e0413a442,24,0
